<?xml version="1.0" encoding="UTF-8"?>
<configuration>

    <!-- show Logback’s own status messages on the console -->
    <statusListener class="ch.qos.logback.core.status.OnConsoleStatusListener"/>

    <!-- define one or more appenders -->
    <appender name="STDOUT" class="ch.qos.logback.core.ConsoleAppender">
        <encoder>
            <pattern>%d{HH:mm:ss.SSS} [%thread] %-5level %logger{36} - %msg%n</pattern>
        </encoder>
    </appender>

    <!-- package‐level "switch off" -->
    <logger name="uk.ac.bbk.dcs.obda" level="OFF"/>

    <!-- root logger (always needs at least one appender) -->
    <root level="DEBUG">
        <appender-ref ref="STDOUT"/>
    </root>

</configuration>